Units: V/cm, mm/mus
20.00000000000003, 0.5346420323325636
38.53658536585368, 0.9053117782909932
75.60975609756099, 1.2448036951501156
187.80487804878044, 1.5150115473441108
380, 1.70554272517321
567.3170731707316, 1.8475750577367205
615.1219512195121, 1.8787528868360277